id,headline,author,published_date,source
1,Health News 1,Reporter 8,2024-04-27,Hindu
2,Sports News 2,Reporter 26,2024-01-24,NDTV
3,Economy News 3,Reporter 24,2024-01-28,Times
4,Education News 4,Reporter 30,2024-05-18,Reuters
5,Economy News 5,Reporter 25,2024-12-04,BBC
6,AI News 6,Reporter 21,2024-12-20,NDTV
7,Economy News 7,Reporter 3,2024-07-12,NDTV
8,Education News 8,Reporter 29,2024-02-26,Hindu
9,Sports News 9,Reporter 5,2024-06-02,BBC
10,AI News 10,Reporter 10,2024-02-26,Hindu
11,Health News 11,Reporter 23,2024-11-19,Reuters
12,Education News 12,Reporter 21,2024-01-14,Times
13,Education News 13,Reporter 30,2024-04-20,Times
14,Politics News 14,Reporter 13,2024-10-11,Hindu
15,Health News 15,Reporter 24,2024-03-22,NDTV
16,Sports News 16,Reporter 5,2024-10-14,Hindu
17,Economy News 17,Reporter 7,2024-07-22,NDTV
18,AI News 18,Reporter 22,2024-09-25,Times
19,AI News 19,Reporter 6,2024-01-17,Reuters
20,Education News 20,Reporter 29,2024-11-23,NDTV
21,Politics News 21,Reporter 5,2024-11-28,BBC
22,AI News 22,Reporter 14,2024-01-10,Hindu
23,Sports News 23,Reporter 30,2024-09-09,Reuters
24,Sports News 24,Reporter 26,2024-11-06,NDTV
25,Sports News 25,Reporter 23,2024-04-20,BBC
26,AI News 26,Reporter 6,2024-09-27,Hindu
27,Health News 27,Reporter 29,2024-07-13,Times
28,Economy News 28,Reporter 23,2024-02-07,BBC
29,Health News 29,Reporter 26,2024-06-02,BBC
30,Politics News 30,Reporter 17,2024-09-09,NDTV
31,Sports News 31,Reporter 22,2024-12-26,Reuters
32,Politics News 32,Reporter 10,2024-07-09,Reuters
33,Politics News 33,Reporter 2,2024-11-06,Times
34,AI News 34,Reporter 17,2024-12-28,NDTV
35,Politics News 35,Reporter 23,2024-10-06,BBC
36,Health News 36,Reporter 29,2024-04-22,Reuters
37,Education News 37,Reporter 23,2024-05-14,Times
38,AI News 38,Reporter 19,2024-02-24,Reuters
39,Economy News 39,Reporter 5,2024-09-21,BBC
40,AI News 40,Reporter 2,2024-10-16,Hindu
41,Education News 41,Reporter 24,2024-12-11,Reuters
42,AI News 42,Reporter 22,2024-04-05,Hindu
43,Sports News 43,Reporter 9,2024-02-08,BBC
44,Sports News 44,Reporter 22,2024-12-11,Times
45,Economy News 45,Reporter 22,2024-04-22,BBC
46,Economy News 46,Reporter 3,2024-04-05,Times
47,AI News 47,Reporter 7,2024-09-07,Times
48,Sports News 48,Reporter 4,2024-12-14,Times
49,Education News 49,Reporter 16,2024-11-27,Times
50,Sports News 50,Reporter 12,2024-05-03,BBC
51,Economy News 51,Reporter 30,2024-10-01,BBC
52,Education News 52,Reporter 10,2024-02-09,Hindu
53,Education News 53,Reporter 2,2024-11-17,Times
54,Sports News 54,Reporter 8,2024-03-28,Reuters
55,Politics News 55,Reporter 24,2024-01-10,Hindu
56,Health News 56,Reporter 29,2024-12-02,BBC
57,AI News 57,Reporter 20,2024-09-19,Reuters
58,Health News 58,Reporter 23,2024-12-17,BBC
59,Education News 59,Reporter 3,2024-04-16,NDTV
60,Economy News 60,Reporter 7,2024-01-12,Reuters
61,Health News 61,Reporter 8,2024-08-01,BBC
62,AI News 62,Reporter 15,2024-10-02,NDTV
63,Sports News 63,Reporter 24,2024-11-11,Reuters
64,Education News 64,Reporter 8,2024-10-06,NDTV
65,Health News 65,Reporter 23,2024-01-10,Reuters
66,AI News 66,Reporter 21,2024-07-20,Hindu
67,AI News 67,Reporter 9,2024-11-18,NDTV
68,Economy News 68,Reporter 26,2024-10-05,Times
69,AI News 69,Reporter 17,2024-03-28,Hindu
70,Health News 70,Reporter 6,2024-12-27,BBC
71,Economy News 71,Reporter 16,2024-06-10,Times
72,Politics News 72,Reporter 23,2024-05-05,Reuters
73,Sports News 73,Reporter 8,2024-12-26,Times
74,Sports News 74,Reporter 2,2024-01-02,BBC
75,Sports News 75,Reporter 1,2024-06-11,BBC
76,Sports News 76,Reporter 22,2024-11-06,Times
77,Sports News 77,Reporter 17,2024-05-21,NDTV
78,Politics News 78,Reporter 4,2024-04-19,Reuters
79,Education News 79,Reporter 28,2024-03-17,NDTV
80,AI News 80,Reporter 13,2024-07-07,BBC
81,Health News 81,Reporter 10,2024-09-01,Reuters
82,Sports News 82,Reporter 20,2024-11-22,BBC
83,Economy News 83,Reporter 23,2024-07-13,Hindu
84,AI News 84,Reporter 21,2024-01-26,Reuters
85,Politics News 85,Reporter 22,2024-02-19,Reuters
86,AI News 86,Reporter 17,2024-03-20,Times
87,Politics News 87,Reporter 30,2024-03-07,Reuters
88,Politics News 88,Reporter 11,2024-10-28,NDTV
89,Health News 89,Reporter 13,2024-12-23,Hindu
90,AI News 90,Reporter 17,2024-01-12,Times
91,Health News 91,Reporter 14,2024-05-25,Times
92,Economy News 92,Reporter 8,2024-06-24,NDTV
93,Politics News 93,Reporter 2,2024-02-20,Reuters
94,Education News 94,Reporter 7,2024-06-26,Times
95,AI News 95,Reporter 25,2024-12-23,Hindu
96,Education News 96,Reporter 9,2024-07-02,Hindu
97,Education News 97,Reporter 4,2024-12-24,NDTV
98,Economy News 98,Reporter 22,2024-06-16,NDTV
99,Sports News 99,Reporter 12,2024-04-11,BBC
100,Education News 100,Reporter 13,2024-02-20,NDTV
101,AI News 101,Reporter 8,2024-07-22,Hindu
102,Education News 102,Reporter 27,2024-09-08,Times
103,Health News 103,Reporter 18,2024-02-06,BBC
104,Economy News 104,Reporter 16,2024-01-08,Times
105,Politics News 105,Reporter 27,2024-03-08,Reuters
106,Health News 106,Reporter 19,2024-02-12,Times
107,Politics News 107,Reporter 21,2024-11-08,BBC
108,Education News 108,Reporter 7,2024-12-24,NDTV
109,Economy News 109,Reporter 25,2024-12-11,Hindu
110,Sports News 110,Reporter 25,2024-01-12,BBC
111,Politics News 111,Reporter 18,2024-10-23,Times
112,Education News 112,Reporter 29,2024-12-12,BBC
113,Politics News 113,Reporter 25,2024-09-20,NDTV
114,AI News 114,Reporter 14,2024-12-09,Times
115,Politics News 115,Reporter 10,2024-11-18,Times
116,AI News 116,Reporter 19,2024-11-21,NDTV
117,Health News 117,Reporter 4,2024-07-09,BBC
118,Politics News 118,Reporter 21,2024-06-24,Reuters
119,Education News 119,Reporter 6,2024-06-05,Hindu
120,Politics News 120,Reporter 18,2024-01-18,Times
121,Education News 121,Reporter 1,2024-04-23,Times
122,Education News 122,Reporter 27,2024-07-13,Hindu
123,AI News 123,Reporter 25,2024-09-27,Times
124,AI News 124,Reporter 16,2024-01-24,Times
125,AI News 125,Reporter 26,2024-06-25,Reuters
126,Politics News 126,Reporter 27,2024-10-22,NDTV
127,Economy News 127,Reporter 2,2024-02-08,Times
128,AI News 128,Reporter 5,2024-08-12,NDTV
129,Politics News 129,Reporter 3,2024-10-22,Hindu
130,AI News 130,Reporter 14,2024-03-28,Reuters
131,Education News 131,Reporter 26,2024-08-20,BBC
132,Health News 132,Reporter 28,2024-01-13,Reuters
133,Economy News 133,Reporter 17,2024-12-27,BBC
134,Health News 134,Reporter 6,2024-12-10,Hindu
135,Economy News 135,Reporter 12,2024-08-08,Times
136,Economy News 136,Reporter 11,2024-08-13,Hindu
137,Politics News 137,Reporter 24,2024-05-14,Reuters
138,Sports News 138,Reporter 17,2024-08-04,Times
139,Sports News 139,Reporter 1,2024-04-25,NDTV
140,Sports News 140,Reporter 2,2024-07-09,Hindu
141,Politics News 141,Reporter 25,2024-12-15,NDTV
142,Sports News 142,Reporter 15,2024-07-25,Times
143,Health News 143,Reporter 2,2024-11-05,BBC
144,Education News 144,Reporter 26,2024-07-19,Times
145,AI News 145,Reporter 5,2024-04-18,NDTV
146,Health News 146,Reporter 4,2024-09-20,NDTV
147,Politics News 147,Reporter 4,2024-01-10,Reuters
148,Sports News 148,Reporter 20,2024-09-23,Reuters
149,Sports News 149,Reporter 15,2024-06-05,Reuters
150,AI News 150,Reporter 5,2024-03-08,BBC
151,AI News 151,Reporter 10,2024-07-16,Hindu
152,Economy News 152,Reporter 22,2024-11-20,NDTV
153,Economy News 153,Reporter 26,2024-12-17,BBC
154,Education News 154,Reporter 9,2024-09-17,BBC
155,Health News 155,Reporter 27,2024-12-01,Reuters
156,Economy News 156,Reporter 22,2024-11-17,Reuters
157,Education News 157,Reporter 12,2024-11-27,NDTV
158,Politics News 158,Reporter 18,2024-09-28,BBC
159,Politics News 159,Reporter 24,2024-11-27,Times
160,Economy News 160,Reporter 9,2024-07-14,Reuters
161,Sports News 161,Reporter 15,2024-02-06,Hindu
162,Education News 162,Reporter 23,2024-03-26,Hindu
163,Economy News 163,Reporter 17,2024-11-03,BBC
164,AI News 164,Reporter 13,2024-12-01,NDTV
165,AI News 165,Reporter 6,2024-02-24,Reuters
166,Politics News 166,Reporter 1,2024-03-22,BBC
167,Education News 167,Reporter 10,2024-07-09,BBC
168,Economy News 168,Reporter 11,2024-09-14,Reuters
169,Education News 169,Reporter 2,2024-10-19,Reuters
170,Education News 170,Reporter 12,2024-05-23,Hindu
171,Sports News 171,Reporter 16,2024-07-05,Times
172,Education News 172,Reporter 8,2024-05-11,Reuters
173,Politics News 173,Reporter 19,2024-09-11,NDTV
174,Economy News 174,Reporter 1,2024-08-05,Hindu
175,Economy News 175,Reporter 15,2024-08-07,Times
176,Economy News 176,Reporter 22,2024-10-18,BBC
177,Health News 177,Reporter 18,2024-08-08,BBC
178,AI News 178,Reporter 12,2024-08-21,Hindu
179,Economy News 179,Reporter 17,2024-12-21,BBC
180,Sports News 180,Reporter 1,2024-08-26,Reuters
181,Sports News 181,Reporter 5,2024-03-15,BBC
182,Economy News 182,Reporter 12,2024-01-18,Hindu
183,Health News 183,Reporter 19,2024-06-16,Times
184,Politics News 184,Reporter 1,2024-01-07,Times
185,Health News 185,Reporter 23,2024-03-05,BBC
186,Sports News 186,Reporter 4,2024-07-08,NDTV
187,Education News 187,Reporter 13,2024-10-04,Times
188,AI News 188,Reporter 5,2024-12-15,Times
189,Health News 189,Reporter 1,2024-06-24,BBC
190,Economy News 190,Reporter 3,2024-08-12,Reuters
191,Sports News 191,Reporter 22,2024-02-13,Hindu
192,Politics News 192,Reporter 18,2024-03-06,Reuters
193,Economy News 193,Reporter 5,2024-12-26,Reuters
194,Health News 194,Reporter 27,2024-10-19,Reuters
195,AI News 195,Reporter 7,2024-04-16,BBC
196,Education News 196,Reporter 1,2024-01-18,NDTV
197,AI News 197,Reporter 9,2024-09-08,Hindu
198,AI News 198,Reporter 14,2024-05-15,Times
199,Health News 199,Reporter 20,2024-09-11,NDTV
200,AI News 200,Reporter 25,2024-06-11,Times
